{ "intents" : { "user_Kr5A7b4OD__ListAlarms" : { "utterances" : [{ "data" : [{ "text" : "list alarms", "range" : { "start" : 0, "end" : 11 } }] }], "engineType" : "regex", "version" : "0.0.1", "language" : "en" }, "user_Kr5A7b4OD__UsbListPorts" : { "utterances" : [{ "data" : [{ "text" : "list usb", "range" : { "start" : 0, "end" : 8 } }] }, { "data" : [{ "text" : "what devices are connected", "range" : { "start" : 0, "end" : 26 } }] }, { "data" : [{ "text" : "list the usb ports", "range" : { "start" : 0, "end" : 18 } }] }], "engineType" : "regex", "version" : "0.0.3", "language" : "en" }, "user_Kr5A7b4OD__MonitorSelectBrightness" : { "utterances" : [{ "data" : [{ "text" : "set monitor brightness to ", "range" : { "start" : 0, "end" : 26 } }, { "slot_id" : "slot_rJ8e734iW", "slot_name" : "monitorBrightness", "text" : "55", "range" : { "start" : 26, "end" : 28 }, "entity" : "snips/number", "entity_id" : "numbers.number" }] }], "engineType" : "regex", "version" : "0.0.4", "language" : "en" }, "user_Kr5A7b4OD__MonitorSelectInput" : { "utterances" : [{ "data" : [{ "text" : "Switch the monitor to input ", "range" : { "start" : 0, "end" : 28 } }, { "slot_id" : "slot_HJN219Xsb", "slot_name" : "monitorInputNumber", "text" : "1", "range" : { "start" : 28, "end" : 29 }, "entity" : "snips/number", "entity_id" : "numbers.number" }] }], "engineType" : "regex", "version" : "0.0.4", "language" : "en" }, "user_Kr5A7b4OD__SpellWord" : { "utterances" : [{ "data" : [{ "text" : "how do i spell ", "range" : { "start" : 0, "end" : 15 } }, { "slot_id" : "slot_SJJ7p4p9W", "slot_name" : "wordToSpell", "text" : "school", "range" : { "start" : 15, "end" : 21 }, "entity" : "snips/default--wordToSpell", "entity_id" : "snips/default" }] }, { "data" : [{ "text" : "spell ", "range" : { "start" : 0, "end" : 6 } }, { "slot_id" : "slot_SJJ7p4p9W", "slot_name" : "wordToSpell", "text" : "jungle", "range" : { "start" : 6, "end" : 12 }, "entity" : "snips/default--wordToSpell", "entity_id" : "snips/default" }] }], "engineType" : "regex", "version" : "0.0.2", "language" : "en" }, "user_Kr5A7b4OD__AddAlarm" : { "utterances" : [{ "data" : [{ "text" : "set the alarm for ", "range" : { "start" : 0, "end" : 18 } }, { "slot_id" : "slot_Hk_uiwn9-", "slot_name" : "alarmTime", "text" : "2pm", "range" : { "start" : 18, "end" : 21 }, "entity" : "snips/datetime", "entity_id" : "time.datetime" }] }, { "data" : [{ "text" : "set the alarm for ", "range" : { "start" : 0, "end" : 18 } }, { "slot_id" : "slot_Hk_uiwn9-", "slot_name" : "alarmTime", "text" : "2pm", "range" : { "start" : 18, "end" : 21 }, "entity" : "snips/datetime", "entity_id" : "time.datetime" }, { "text" : " and say ", "range" : { "start" : 21, "end" : 30 } }, { "slot_id" : "slot_S1OeGwn5-", "slot_name" : "alarmDescription", "text" : "check the water", "range" : { "start" : 30, "end" : 45 }, "entity" : "snips/default--alarmDescription", "entity_id" : "snips/default" }] }, { "data" : [{ "text" : "set the alarm ", "range" : { "start" : 0, "end" : 14 } }, { "from_autotagging" : true, "range" : { "start" : 14, "end" : 24 }, "text" : "for 1 hour", "slot_name" : "alarmDuration", "slot_id" : "slot_rJ4T-w35W", "entity" : "snips/duration", "entity_id" : "time.duration" }, { "text" : " and say ", "range" : { "start" : 24, "end" : 33 } }, { "slot_id" : "slot_S1OeGwn5-", "slot_name" : "alarmDescription", "text" : "check the water", "range" : { "start" : 33, "end" : 48 }, "entity" : "snips/default--alarmDescription", "entity_id" : "snips/default" }] }, { "data" : [{ "text" : "set the alarm for ", "range" : { "start" : 0, "end" : 18 } }, { "slot_id" : "slot_rJ4T-w35W", "slot_name" : "alarmDuration", "text" : "15 minutes", "range" : { "start" : 18, "end" : 28 }, "entity" : "snips/duration", "entity_id" : "time.duration" }] }, { "data" : [{ "text" : "set the alarm", "range" : { "start" : 0, "end" : 13 } }] }], "engineType" : "regex", "version" : "0.0.4", "language" : "en" }, "user_Kr5A7b4OD__WhatIsTheTime" : { "utterances" : [{ "data" : [{ "text" : "what's the time", "range" : { "start" : 0, "end" : 15 } }] }, { "data" : [{ "text" : "what is the time", "range" : { "start" : 0, "end" : 16 } }] }], "engineType" : "regex", "version" : "0.0.3", "language" : "en" }, "user_Kr5A7b4OD__CancelAllAlarms" : { "utterances" : [{ "data" : [{ "text" : "cancel all alarms", "range" : { "start" : 0, "end" : 17 } }] }], "engineType" : "regex", "version" : "0.0.3", "language" : "en" }, "user_Kr5A7b4OD__UsbPowerOffPort" : { "utterances" : [{ "data" : [{ "text" : "turn off usb port ", "range" : { "start" : 0, "end" : 18 } }, { "from_autotagging" : true, "range" : { "start" : 18, "end" : 19 }, "text" : "1", "slot_name" : "usbPortIdentifier", "slot_id" : "slot_Hk9PREaqb", "entity" : "snips/default--usbPortIdentifier", "entity_id" : "snips/default" }] }, { "data" : [{ "text" : "turn off the usb port ", "range" : { "start" : 0, "end" : 22 } }, { "from_autotagging" : true, "range" : { "start" : 22, "end" : 23 }, "text" : "1", "slot_name" : "usbPortIdentifier", "slot_id" : "slot_Hk9PREaqb", "entity" : "snips/default--usbPortIdentifier", "entity_id" : "snips/default" }] }, { "data" : [{ "text" : "turn off the usb ", "range" : { "start" : 0, "end" : 17 } }, { "slot_id" : "slot_Hk9PREaqb", "slot_name" : "usbPortIdentifier", "text" : "light", "range" : { "start" : 17, "end" : 22 }, "entity" : "snips/default--usbPortIdentifier", "entity_id" : "snips/default" }] }], "engineType" : "regex", "version" : "0.0.4", "language" : "en" }, "user_Kr5A7b4OD__MonitorSelectVolume" : { "utterances" : [{ "data" : [{ "text" : "set the monitor volume to ", "range" : { "start" : 0, "end" : 26 } }, { "slot_id" : "slot_H1YpqnEi-", "slot_name" : "monitorVolume", "text" : "55", "range" : { "start" : 26, "end" : 28 }, "entity" : "snips/number", "entity_id" : "numbers.number" }] }], "engineType" : "regex", "version" : "0.0.4", "language" : "en" }, "user_Kr5A7b4OD__CancelAlarm" : { "utterances" : [{ "data" : [{ "text" : "cancel the alarm at ", "range" : { "start" : 0, "end" : 20 } }, { "slot_id" : "slot_SyagtD29W", "slot_name" : "alarmTime", "text" : "2pm", "range" : { "start" : 20, "end" : 23 }, "entity" : "snips/datetime", "entity_id" : "time.datetime" }, { "text" : " for ", "range" : { "start" : 23, "end" : 28 } }, { "slot_id" : "slot_H12btw35Z", "slot_name" : "alarmDescription", "text" : "check the water", "range" : { "start" : 28, "end" : 43 }, "entity" : "snips/default--alarmDescription", "entity_id" : "snips/default" }] }, { "data" : [{ "text" : "cancel the alarm for ", "range" : { "start" : 0, "end" : 21 } }, { "slot_id" : "slot_H12btw35Z", "slot_name" : "alarmDescription", "text" : "check the water", "range" : { "start" : 21, "end" : 36 }, "entity" : "snips/default--alarmDescription", "entity_id" : "snips/default" }] }, { "data" : [{ "text" : "cancel the alarm at ", "range" : { "start" : 0, "end" : 20 } }, { "slot_id" : "slot_SyagtD29W", "slot_name" : "alarmTime", "text" : "2pm", "range" : { "start" : 20, "end" : 23 }, "entity" : "snips/datetime", "entity_id" : "time.datetime" }] }, { "data" : [{ "text" : "cancel the alarm", "range" : { "start" : 0, "end" : 16 } }] }], "engineType" : "regex", "version" : "0.0.1", "language" : "en" }, "user_Kr5A7b4OD__BasicMaths" : { "utterances" : [{ "data" : [{ "text" : "what is ", "range" : { "start" : 0, "end" : 8 } }, { "from_autotagging" : true, "range" : { "start" : 8, "end" : 12 }, "text" : "nine", "slot_name" : "numberA", "slot_id" : "slot_SyaXkSTcb", "entity" : "snips/number", "entity_id" : "numbers.number" }, { "text" : " ", "range" : { "start" : 12, "end" : 13 } }, { "slot_id" : "slot_SJggyxB69-", "slot_name" : "mathsOperator", "text" : "take away", "range" : { "start" : 13, "end" : 22 }, "entity" : "mathsOperator", "entity_id" : "entity_ZgmnxOWo3" }, { "text" : " ", "range" : { "start" : 22, "end" : 23 } }, { "slot_id" : "slot_B1NNyB65W", "slot_name" : "numberB", "text" : "three", "range" : { "start" : 23, "end" : 28 }, "entity" : "snips/number", "entity_id" : "numbers.number" }] }, { "data" : [{ "text" : "what is ", "range" : { "start" : 0, "end" : 8 } }, { "from_autotagging" : true, "range" : { "start" : 8, "end" : 13 }, "text" : "three", "slot_name" : "numberA", "slot_id" : "slot_SyaXkSTcb", "entity" : "snips/number", "entity_id" : "numbers.number" }, { "text" : " ", "range" : { "start" : 13, "end" : 14 } }, { "slot_id" : "slot_SJggyxB69-", "slot_name" : "mathsOperator", "text" : "added to", "range" : { "start" : 14, "end" : 22 }, "entity" : "mathsOperator", "entity_id" : "entity_ZgmnxOWo3" }, { "text" : " ", "range" : { "start" : 22, "end" : 23 } }, { "slot_id" : "slot_B1NNyB65W", "slot_name" : "numberB", "text" : "eight", "range" : { "start" : 23, "end" : 28 }, "entity" : "snips/number", "entity_id" : "numbers.number" }] }, { "data" : [{ "text" : "what is ", "range" : { "start" : 0, "end" : 8 } }, { "slot_id" : "slot_SyaXkSTcb", "slot_name" : "numberA", "text" : "fifty four", "range" : { "start" : 8, "end" : 18 }, "entity" : "snips/number", "entity_id" : "numbers.number" }, { "text" : " ", "range" : { "start" : 18, "end" : 19 } }, { "slot_id" : "slot_SJggyxB69-", "slot_name" : "mathsOperator", "text" : "minus", "range" : { "start" : 19, "end" : 24 }, "entity" : "mathsOperator", "entity_id" : "entity_ZgmnxOWo3" }, { "text" : " ", "range" : { "start" : 24, "end" : 25 } }, { "slot_id" : "slot_B1NNyB65W", "slot_name" : "numberB", "text" : "twenty three", "range" : { "start" : 25, "end" : 37 }, "entity" : "snips/number", "entity_id" : "numbers.number" }] }, { "data" : [{ "text" : "what is ", "range" : { "start" : 0, "end" : 8 } }, { "from_autotagging" : true, "range" : { "start" : 8, "end" : 11 }, "text" : "two", "slot_name" : "numberA", "slot_id" : "slot_SyaXkSTcb", "entity" : "snips/number", "entity_id" : "numbers.number" }, { "text" : " ", "range" : { "start" : 11, "end" : 12 } }, { "from_autotagging" : true, "range" : { "start" : 12, "end" : 25 }, "text" : "multiplied by", "slot_name" : "mathsOperator", "slot_id" : "slot_SJggyxB69-", "entity" : "mathsOperator", "entity_id" : "entity_ZgmnxOWo3" }, { "text" : " ", "range" : { "start" : 25, "end" : 26 } }, { "from_autotagging" : true, "range" : { "start" : 26, "end" : 30 }, "text" : "four", "slot_name" : "numberB", "slot_id" : "slot_B1NNyB65W", "entity" : "snips/number", "entity_id" : "numbers.number" }] }, { "data" : [{ "text" : "what is ", "range" : { "start" : 0, "end" : 8 } }, { "from_autotagging" : true, "range" : { "start" : 8, "end" : 12 }, "text" : "four", "slot_name" : "numberA", "slot_id" : "slot_SyaXkSTcb", "entity" : "snips/number", "entity_id" : "numbers.number" }, { "text" : " ", "range" : { "start" : 12, "end" : 13 } }, { "from_autotagging" : true, "range" : { "start" : 13, "end" : 23 }, "text" : "divided by", "slot_name" : "mathsOperator", "slot_id" : "slot_SJggyxB69-", "entity" : "mathsOperator", "entity_id" : "entity_ZgmnxOWo3" }, { "text" : " ", "range" : { "start" : 23, "end" : 24 } }, { "from_autotagging" : true, "range" : { "start" : 24, "end" : 27 }, "text" : "two", "slot_name" : "numberB", "slot_id" : "slot_B1NNyB65W", "entity" : "snips/number", "entity_id" : "numbers.number" }] }, { "data" : [{ "text" : "what is ", "range" : { "start" : 0, "end" : 8 } }, { "from_autotagging" : true, "range" : { "start" : 8, "end" : 13 }, "text" : "seven", "slot_name" : "numberA", "slot_id" : "slot_SyaXkSTcb", "entity" : "snips/number", "entity_id" : "numbers.number" }, { "text" : " ", "range" : { "start" : 13, "end" : 14 } }, { "slot_id" : "slot_SJggyxB69-", "slot_name" : "mathsOperator", "text" : "times", "range" : { "start" : 14, "end" : 19 }, "entity" : "mathsOperator", "entity_id" : "entity_ZgmnxOWo3" }, { "text" : " ", "range" : { "start" : 19, "end" : 20 } }, { "slot_id" : "slot_B1NNyB65W", "slot_name" : "numberB", "text" : "nine", "range" : { "start" : 20, "end" : 24 }, "entity" : "snips/number", "entity_id" : "numbers.number" }] }, { "data" : [{ "text" : "what's ", "range" : { "start" : 0, "end" : 7 } }, { "from_autotagging" : true, "range" : { "start" : 7, "end" : 12 }, "text" : "three", "slot_name" : "numberA", "slot_id" : "slot_SyaXkSTcb", "entity" : "snips/number", "entity_id" : "numbers.number" }, { "text" : " ", "range" : { "start" : 12, "end" : 13 } }, { "from_autotagging" : true, "range" : { "start" : 13, "end" : 17 }, "text" : "plus", "slot_name" : "mathsOperator", "slot_id" : "slot_SJggyxB69-", "entity" : "mathsOperator", "entity_id" : "entity_ZgmnxOWo3" }, { "text" : " ", "range" : { "start" : 17, "end" : 18 } }, { "from_autotagging" : true, "range" : { "start" : 18, "end" : 21 }, "text" : "two", "slot_name" : "numberB", "slot_id" : "slot_B1NNyB65W", "entity" : "snips/number", "entity_id" : "numbers.number" }] }, { "data" : [{ "text" : "what is ", "range" : { "start" : 0, "end" : 8 } }, { "from_autotagging" : true, "range" : { "start" : 8, "end" : 12 }, "text" : "four", "slot_name" : "numberA", "slot_id" : "slot_SyaXkSTcb", "entity" : "snips/number", "entity_id" : "numbers.number" }, { "text" : " ", "range" : { "start" : 12, "end" : 13 } }, { "slot_id" : "slot_SJggyxB69-", "slot_name" : "mathsOperator", "text" : "plus", "range" : { "start" : 13, "end" : 17 }, "entity" : "mathsOperator", "entity_id" : "entity_ZgmnxOWo3" }, { "text" : " ", "range" : { "start" : 17, "end" : 18 } }, { "from_autotagging" : true, "range" : { "start" : 18, "end" : 22 }, "text" : "four", "slot_name" : "numberB", "slot_id" : "slot_B1NNyB65W", "entity" : "snips/number", "entity_id" : "numbers.number" }] }], "engineType" : "regex", "version" : "0.0.10", "language" : "en" }, "user_Kr5A7b4OD__MonitorOff" : { "utterances" : [{ "data" : [{ "text" : "turn off the tv", "range" : { "start" : 0, "end" : 15 } }] }, { "data" : [{ "text" : "turn off the monitor", "range" : { "start" : 0, "end" : 20 } }] }], "engineType" : "regex", "version" : "0.0.1", "language" : "en" }, "user_Kr5A7b4OD__UsbPowerOnPort" : { "utterances" : [{ "data" : [{ "text" : "turn on u s b port ", "range" : { "start" : 0, "end" : 19 } }, { "from_autotagging" : true, "range" : { "start" : 19, "end" : 20 }, "text" : "1", "slot_name" : "usbPortIdentifier", "slot_id" : "slot_HkIi64TqZ", "entity" : "snips/default--usbPortIdentifier", "entity_id" : "snips/default" }] }, { "data" : [{ "text" : "turn on the u s b ", "range" : { "start" : 0, "end" : 18 } }, { "from_autotagging" : true, "range" : { "start" : 18, "end" : 23 }, "text" : "light", "slot_name" : "usbPortIdentifier", "slot_id" : "slot_HkIi64TqZ", "entity" : "snips/default--usbPortIdentifier", "entity_id" : "snips/default" }] }, { "data" : [{ "text" : "turn on usb port ", "range" : { "start" : 0, "end" : 17 } }, { "slot_id" : "slot_HkIi64TqZ", "slot_name" : "usbPortIdentifier", "text" : "1", "range" : { "start" : 17, "end" : 18 }, "entity" : "snips/default--usbPortIdentifier", "entity_id" : "snips/default" }] }, { "data" : [{ "text" : "turn on the usb ", "range" : { "start" : 0, "end" : 16 } }, { "slot_id" : "slot_HkIi64TqZ", "slot_name" : "usbPortIdentifier", "text" : "light", "range" : { "start" : 16, "end" : 21 }, "entity" : "snips/default--usbPortIdentifier", "entity_id" : "snips/default" }] }, { "data" : [{ "text" : "turn on the usb port ", "range" : { "start" : 0, "end" : 21 } }, { "slot_id" : "slot_HkIi64TqZ", "slot_name" : "usbPortIdentifier", "text" : "1", "range" : { "start" : 21, "end" : 22 }, "entity" : "snips/default--usbPortIdentifier", "entity_id" : "snips/default" }] }], "engineType" : "regex", "version" : "0.0.5", "language" : "en" }, "user_Kr5A7b4OD__MonitorOn" : { "utterances" : [{ "data" : [{ "text" : "Turn on the tv", "range" : { "start" : 0, "end" : 14 } }] }, { "data" : [{ "text" : "Turn on the monitor", "range" : { "start" : 0, "end" : 19 } }] }], "engineType" : "regex", "version" : "0.0.1", "language" : "en" } }, "entities" : { "snips/duration" : { "entity_type" : "builtin", "id" : "time.duration", "name" : "snips/duration", "author" : "entities@snips.ai", "use_synonyms" : false, "automatically_extensible" : false, "examples" : ["3 month", "4 seconds", "8 years"], "result_description" : "[{\"kind\":\"Builtin\",\"value\":{\"kind\":\"Duration\",\"value\":{\"years\":0,\"quarters\":0,\"months\":3,\"weeks\":0,\"days\":0,\"hours\":0,\"minutes\":0,\"seconds\":0,\"precision\":\"Exact\"}}}]", "supported_languages" : ["en", "es", "fr", "ko", "de"] }, "snips/default--alarmDescription" : { "id" : "snips/default", "name" : "snips/default--alarmDescription", "entity_type" : "custom", "private" : true, "language" : "en", "use_synonyms" : true, "automatically_extensible" : true, "data" : [] }, "snips/datetime" : { "entity_type" : "builtin", "id" : "time.datetime", "name" : "snips/datetime", "author" : "entities@snips.ai", "use_synonyms" : false, "automatically_extensible" : false, "examples" : ["Today", "4:30 pm", "next monday at 8p.m.", "yesterday morning", "3rd tuesday of June", "June 2nd at 9 pm"], "result_description" : "[{\"kind\":\"Builtin\",\"value\":{\"kind\":\"Time\",\"value\":{\"kind\":\"InstantTime\",\"value\":{\"value\":\"2017-06-13 18:00:00 +02:00\",\"grain\":\"Hour\",\"precision\":\"Exact\"}}}},{\"kind\":\"Builtin\",\"value\":{\"kind\":\"Time\",\"value\":{\"kind\":\"TimeInterval\",\"value\":{\"from\":\"2017-06-07 18:00:00 +02:00\",\"to\":\"2017-06-08 00:00:00 +02:00\"}}}}]", "supported_languages" : ["en", "es", "fr", "ko", "de"] }, "snips/default--wordToSpell" : { "id" : "snips/default", "name" : "snips/default--wordToSpell", "entity_type" : "custom", "private" : true, "language" : "en", "use_synonyms" : true, "automatically_extensible" : true, "data" : [] }, "snips/default--usbPortIdentifier" : { "id" : "snips/default", "name" : "snips/default--usbPortIdentifier", "entity_type" : "custom", "private" : true, "language" : "en", "use_synonyms" : true, "automatically_extensible" : true, "data" : [] }, "snips/number" : { "entity_type" : "builtin", "id" : "numbers.number", "name" : "snips/number", "author" : "entities@snips.ai", "use_synonyms" : false, "automatically_extensible" : false, "examples" : ["twenty-two", "1.2"], "result_description" : "[{\"kind\":\"Builtin\",\"value\":{\"kind\":\"Number\",\"value\":22}}, {\"kind\":\"Builtin\",\"value\":{\"kind\":\"Number\",\"value\":2.5}}]", "supported_languages" : ["en", "es", "fr", "ko", "de"] }, "mathsOperator" : { "author" : "stever@syntithenai.com", "name" : "mathsOperator", "use_synonyms" : true, "private" : true, "data" : [{ "value" : "plus", "synonyms" : ["and", "added to", "add"] }, { "value" : "minus", "synonyms" : ["sub", "take away", "subtract"] }, { "value" : "multiplied by", "synonyms" : ["times", "times by"] }, { "value" : "divided by", "synonyms" : ["by"] }], "automatically_extensible" : false, "id" : "entity_ZgmnxOWo3", "language" : "en", "user_id" : "user_Kr5A7b4OD", "entity_type" : "custom" } }, "language" : "en", "snips_nlu_version" : "0.9.0" }